account_id,is_mule,account_role
ACC_00209,0,normal
ACC_00719,0,normal
ACC_00767,0,normal
ACC_00129,0,normal
ACC_00940,0,normal
ACC_00822,0,normal
ACC_00310,0,normal
ACC_00946,0,normal
ACC_00828,0,normal
ACC_00408,0,normal
ACC_00944,0,normal
ACC_00558,0,normal
ACC_00225,0,normal
ACC_00206,0,normal
ACC_00954,0,normal
ACC_00333,0,normal
ACC_00943,0,normal
ACC_00245,0,normal
ACC_00224,0,normal
ACC_00623,0,normal
ACC_00272,0,normal
ACC_00374,0,normal
ACC_00898,0,normal
ACC_00073,0,origin
ACC_00011,1,mule
ACC_00860,0,normal
ACC_00564,0,normal
ACC_00161,0,normal
ACC_00076,0,origin
ACC_00079,0,origin
ACC_00402,0,normal
ACC_00899,0,normal
ACC_00685,0,normal
ACC_00471,0,normal
ACC_00276,0,normal
ACC_00937,0,normal
ACC_00739,0,normal
ACC_00728,0,normal
ACC_00229,0,normal
ACC_00091,0,destination
ACC_00232,0,normal
ACC_00882,0,normal
ACC_00372,0,normal
ACC_00930,0,normal
ACC_00841,0,normal
ACC_00146,0,normal
ACC_00462,0,normal
ACC_00093,0,destination
ACC_00457,0,normal
ACC_00821,0,normal
ACC_00686,0,normal
ACC_00795,0,normal
ACC_00926,0,normal
ACC_00994,0,normal
ACC_00313,0,normal
ACC_00827,0,normal
ACC_00952,0,normal
ACC_00172,0,normal
ACC_00902,0,normal
ACC_00745,0,normal
ACC_00325,0,normal
ACC_00263,0,normal
ACC_00679,0,normal
ACC_00378,0,normal
ACC_00923,0,normal
ACC_00969,0,normal
ACC_00450,0,normal
ACC_00101,0,normal
ACC_00186,0,normal
ACC_00411,0,normal
ACC_00694,0,normal
ACC_00546,0,normal
ACC_00641,0,normal
ACC_00177,0,normal
ACC_00958,0,normal
ACC_00853,0,normal
ACC_00856,0,normal
ACC_00404,0,normal
ACC_00335,0,normal
ACC_00777,0,normal
ACC_00753,0,normal
ACC_00357,0,normal
ACC_00118,0,normal
ACC_00238,0,normal
ACC_00240,0,normal
ACC_00449,0,normal
ACC_00596,0,normal
ACC_00886,0,normal
ACC_00291,0,normal
ACC_00262,0,normal
ACC_00069,0,origin
ACC_00043,1,mule
ACC_00972,0,normal
ACC_00847,0,normal
ACC_00879,0,normal
ACC_00933,0,normal
ACC_00975,0,normal
ACC_00789,0,normal
ACC_00094,0,destination
ACC_00668,0,normal
ACC_00061,0,origin
ACC_00953,0,normal
ACC_00100,0,destination
ACC_00497,0,normal
ACC_00631,0,normal
ACC_00695,0,normal
ACC_00415,0,normal
ACC_00099,0,destination
ACC_00857,0,normal
ACC_00616,0,normal
ACC_00156,0,normal
ACC_00875,0,normal
ACC_00967,0,normal
ACC_00292,0,normal
ACC_00217,0,normal
ACC_00376,0,normal
ACC_00383,0,normal
ACC_00858,0,normal
ACC_00883,0,normal
ACC_00956,0,normal
ACC_00629,0,normal
ACC_00178,0,normal
ACC_00716,0,normal
ACC_00606,0,normal
ACC_00910,0,normal
ACC_00190,0,normal
ACC_00366,0,normal
ACC_00192,0,normal
ACC_00521,0,normal
ACC_00590,0,normal
ACC_00760,0,normal
ACC_00571,0,normal
ACC_00850,0,normal
ACC_00738,0,normal
ACC_00849,0,normal
ACC_00921,0,normal
ACC_00338,0,normal
ACC_00139,0,normal
ACC_00817,0,normal
ACC_00608,0,normal
ACC_00215,0,normal
ACC_00893,0,normal
ACC_00765,0,normal
ACC_00122,0,normal
ACC_00280,0,normal
ACC_00929,0,normal
ACC_00881,0,normal
ACC_00816,0,normal
ACC_00538,0,normal
ACC_00464,0,normal
ACC_00515,0,normal
ACC_00258,0,normal
ACC_00169,0,normal
ACC_00741,0,normal
ACC_00600,0,normal
ACC_00468,0,normal
ACC_00286,0,normal
ACC_00500,0,normal
ACC_00598,0,normal
ACC_00877,0,normal
ACC_00070,0,origin
ACC_00030,1,mule
ACC_00051,0,origin
ACC_00135,0,normal
ACC_00342,0,normal
ACC_00409,0,normal
ACC_00348,0,normal
ACC_00692,0,normal
ACC_00427,0,normal
ACC_00861,0,normal
ACC_00473,0,normal
ACC_00599,0,normal
ACC_00516,0,normal
ACC_00579,0,normal
ACC_00720,0,normal
ACC_00441,0,normal
ACC_00371,0,normal
ACC_00089,0,destination
ACC_00336,0,normal
ACC_00185,0,normal
ACC_00472,0,normal
ACC_00781,0,normal
ACC_00487,0,normal
ACC_00356,0,normal
ACC_00090,0,destination
ACC_00330,0,normal
ACC_00324,0,normal
ACC_00920,0,normal
ACC_00611,0,normal
ACC_00242,0,normal
ACC_00947,0,normal
ACC_00800,0,normal
ACC_00764,0,normal
ACC_00312,0,normal
ACC_00680,0,normal
ACC_00105,0,normal
ACC_00547,0,normal
ACC_00308,0,normal
ACC_00162,0,normal
ACC_00453,0,normal
ACC_00253,0,normal
ACC_00493,0,normal
ACC_00421,0,normal
ACC_00880,0,normal
ACC_00577,0,normal
ACC_00219,0,normal
ACC_00794,0,normal
ACC_00838,0,normal
ACC_00231,0,normal
ACC_00182,0,normal
ACC_00406,0,normal
ACC_00978,0,normal
ACC_00992,0,normal
ACC_00194,0,normal
ACC_00523,0,normal
ACC_00274,0,normal
ACC_00709,0,normal
ACC_00248,0,normal
ACC_00615,0,normal
ACC_00688,0,normal
ACC_00871,0,normal
ACC_00592,0,normal
ACC_00353,0,normal
ACC_00915,0,normal
ACC_00648,0,normal
ACC_00819,0,normal
ACC_00548,0,normal
ACC_00549,0,normal
ACC_00136,0,normal
ACC_00727,0,normal
ACC_00389,0,normal
ACC_00916,0,normal
ACC_00368,0,normal
ACC_00999,0,normal
ACC_00410,0,normal
ACC_00774,0,normal
ACC_00124,0,normal
ACC_00267,0,normal
ACC_00072,0,origin
ACC_00007,1,mule
ACC_00635,0,normal
ACC_00550,0,normal
ACC_00278,0,normal
ACC_00518,0,normal
ACC_00299,0,normal
ACC_00896,0,normal
ACC_00056,0,origin
ACC_00425,0,normal
ACC_00601,0,normal
ACC_00976,0,normal
ACC_00385,0,normal
ACC_00138,0,normal
ACC_00301,0,normal
ACC_00726,0,normal
ACC_00563,0,normal
ACC_00559,0,normal
ACC_00873,0,normal
ACC_00903,0,normal
ACC_00769,0,normal
ACC_00758,0,normal
ACC_00096,0,destination
ACC_00510,0,normal
ACC_00809,0,normal
ACC_00063,0,origin
ACC_00489,0,normal
ACC_00503,0,normal
ACC_00405,0,normal
ACC_00874,0,normal
ACC_00197,0,normal
ACC_00494,0,normal
ACC_00662,0,normal
ACC_00778,0,normal
ACC_00811,0,normal
ACC_00300,0,normal
ACC_00363,0,normal
ACC_00360,0,normal
ACC_00060,0,origin
ACC_00033,1,mule
ACC_00888,0,normal
ACC_00574,0,normal
ACC_00143,0,normal
ACC_00859,0,normal
ACC_00580,0,normal
ACC_00071,0,origin
ACC_00486,0,normal
ACC_00762,0,normal
ACC_00074,0,origin
ACC_00772,0,normal
ACC_00282,0,normal
ACC_00979,0,normal
ACC_00684,0,normal
ACC_00666,0,normal
ACC_00189,0,normal
ACC_00997,0,normal
ACC_00541,0,normal
ACC_00470,0,normal
ACC_00084,0,destination
ACC_00321,0,normal
ACC_00083,0,destination
ACC_00957,0,normal
ACC_00534,0,normal
ACC_00737,0,normal
ACC_00467,0,normal
ACC_00166,0,normal
ACC_00932,0,normal
ACC_00614,0,normal
ACC_00459,0,normal
ACC_00990,0,normal
ACC_00647,0,normal
ACC_00993,0,normal
ACC_00723,0,normal
ACC_00437,0,normal
ACC_00617,0,normal
ACC_00551,0,normal
ACC_00566,0,normal
ACC_00082,0,destination
ACC_00626,0,normal
ACC_00851,0,normal
ACC_00461,0,normal
ACC_00488,0,normal
ACC_00917,0,normal
ACC_00221,0,normal
ACC_00842,0,normal
ACC_00786,0,normal
ACC_00702,0,normal
ACC_00730,0,normal
ACC_00388,0,normal
ACC_00556,0,normal
ACC_00375,0,normal
ACC_00154,0,normal
ACC_00705,0,normal
ACC_00634,0,normal
ACC_00167,0,normal
ACC_00562,0,normal
ACC_00963,0,normal
ACC_00355,0,normal
ACC_00207,0,normal
ACC_00380,0,normal
ACC_00440,0,normal
ACC_00149,0,normal
ACC_00570,0,normal
ACC_00395,0,normal
ACC_00393,0,normal
ACC_00369,0,normal
ACC_00370,0,normal
ACC_00801,0,normal
ACC_00529,0,normal
ACC_00397,0,normal
ACC_00477,0,normal
ACC_00645,0,normal
ACC_00597,0,normal
ACC_00955,0,normal
ACC_00448,0,normal
ACC_00365,0,normal
ACC_00573,0,normal
ACC_00866,0,normal
ACC_00511,0,normal
ACC_00507,0,normal
ACC_00968,0,normal
ACC_00316,0,normal
ACC_00981,0,normal
ACC_00630,0,normal
ACC_00339,0,normal
ACC_00152,0,normal
ACC_00241,0,normal
ACC_00643,0,normal
ACC_00164,0,normal
ACC_00455,0,normal
ACC_00901,0,normal
ACC_00870,0,normal
ACC_00400,0,normal
ACC_00435,0,normal
ACC_00624,0,normal
ACC_00987,0,normal
ACC_00620,0,normal
ACC_00636,0,normal
ACC_00140,0,normal
ACC_00155,0,normal
ACC_00287,0,normal
ACC_00144,0,normal
ACC_00928,0,normal
ACC_00198,0,normal
ACC_00829,0,normal
ACC_00252,0,normal
ACC_00110,0,normal
ACC_00196,0,normal
ACC_00429,0,normal
ACC_00855,0,normal
ACC_00735,0,normal
ACC_00398,0,normal
ACC_00750,0,normal
ACC_00797,0,normal
ACC_00271,0,normal
ACC_00392,0,normal
ACC_00639,0,normal
ACC_00233,0,normal
ACC_00678,0,normal
ACC_00436,0,normal
ACC_00936,0,normal
ACC_00961,0,normal
ACC_00612,0,normal
ACC_00120,0,normal
ACC_00334,0,normal
ACC_00416,0,normal
ACC_00125,0,normal
ACC_00589,0,normal
ACC_00706,0,normal
ACC_00907,0,normal
ACC_00524,0,normal
ACC_00595,0,normal
ACC_00766,0,normal
ACC_00698,0,normal
ACC_00904,0,normal
ACC_00966,0,normal
ACC_00919,0,normal
ACC_00211,0,normal
ACC_00223,0,normal
ACC_00835,0,normal
ACC_00542,0,normal
ACC_00925,0,normal
ACC_00673,0,normal
ACC_00373,0,normal
ACC_00587,0,normal
ACC_00103,0,normal
ACC_00609,0,normal
ACC_00202,0,normal
ACC_00498,0,normal
ACC_00347,0,normal
ACC_00123,0,normal
ACC_00752,0,normal
ACC_00445,0,normal
ACC_00537,0,normal
ACC_00791,0,normal
ACC_00610,0,normal
ACC_00496,0,normal
ACC_00104,0,normal
ACC_00106,0,normal
ACC_00909,0,normal
ACC_00158,0,normal
ACC_00869,0,normal
ACC_00887,0,normal
ACC_00998,0,normal
ACC_00341,0,normal
ACC_00941,0,normal
ACC_00239,0,normal
ACC_00382,0,normal
ACC_00572,0,normal
ACC_00424,0,normal
ACC_00545,0,normal
ACC_00130,0,normal
ACC_00823,0,normal
ACC_00690,0,normal
ACC_00950,0,normal
ACC_00569,0,normal
ACC_00996,0,normal
ACC_00210,0,normal
ACC_00900,0,normal
ACC_00443,0,normal
ACC_00876,0,normal
ACC_00288,0,normal
ACC_00127,0,normal
ACC_00293,0,normal
ACC_00260,0,normal
ACC_00806,0,normal
ACC_00736,0,normal
ACC_00852,0,normal
ACC_00796,0,normal
ACC_00863,0,normal
ACC_00669,0,normal
ACC_00984,0,normal
ACC_00465,0,normal
ACC_00711,0,normal
ACC_00697,0,normal
ACC_00744,0,normal
ACC_00322,0,normal
ACC_00218,0,normal
ACC_00868,0,normal
ACC_00540,0,normal
ACC_00931,0,normal
ACC_00995,0,normal
ACC_00830,0,normal
ACC_00484,0,normal
ACC_00191,0,normal
ACC_00176,0,normal
ACC_00469,0,normal
ACC_00157,0,normal
ACC_00165,0,normal
ACC_00311,0,normal
ACC_00160,0,normal
ACC_00080,0,origin
ACC_00038,1,mule
ACC_00412,0,normal
ACC_00658,0,normal
ACC_00108,0,normal
ACC_00303,0,normal
ACC_00268,0,normal
ACC_00676,0,normal
ACC_00911,0,normal
ACC_00747,0,normal
ACC_00134,0,normal
ACC_00340,0,normal
ACC_00501,0,normal
ACC_00519,0,normal
ACC_00895,0,normal
ACC_00785,0,normal
ACC_00934,0,normal
ACC_00779,0,normal
ACC_00295,0,normal
ACC_00722,0,normal
ACC_00495,0,normal
ACC_00982,0,normal
ACC_00756,0,normal
ACC_00298,0,normal
ACC_00890,0,normal
ACC_00508,0,normal
ACC_00805,0,normal
ACC_00605,0,normal
ACC_00491,0,normal
ACC_00432,0,normal
ACC_00525,0,normal
ACC_00844,0,normal
ACC_00665,0,normal
ACC_00894,0,normal
ACC_00246,0,normal
ACC_00434,0,normal
ACC_00354,0,normal
ACC_00644,0,normal
ACC_00740,0,normal
ACC_00302,0,normal
ACC_00150,0,normal
ACC_00991,0,normal
ACC_00350,0,normal
ACC_00290,0,normal
ACC_00945,0,normal
ACC_00265,0,normal
ACC_00818,0,normal
ACC_00401,0,normal
ACC_00337,0,normal
ACC_00790,0,normal
ACC_00148,0,normal
ACC_00283,0,normal
ACC_00846,0,normal
ACC_00522,0,normal
ACC_00527,0,normal
ACC_00188,0,normal
ACC_00226,0,normal
ACC_00793,0,normal
ACC_00833,0,normal
ACC_00454,0,normal
ACC_00908,0,normal
ACC_00361,0,normal
ACC_00604,0,normal
ACC_00512,0,normal
ACC_00145,0,normal
ACC_00642,0,normal
ACC_00799,0,normal
ACC_00499,0,normal
ACC_00746,0,normal
ACC_00284,0,normal
ACC_00403,0,normal
ACC_00718,0,normal
ACC_00632,0,normal
ACC_00513,0,normal
ACC_00889,0,normal
ACC_00423,0,normal
ACC_00712,0,normal
ACC_00482,0,normal
ACC_00254,0,normal
ACC_00466,0,normal
ACC_00557,0,normal
ACC_00266,0,normal
ACC_00618,0,normal
ACC_00924,0,normal
ACC_00296,0,normal
ACC_00307,0,normal
ACC_00132,0,normal
ACC_00751,0,normal
ACC_00212,0,normal
ACC_00586,0,normal
ACC_00585,0,normal
ACC_00603,0,normal
ACC_00419,0,normal
ACC_00980,0,normal
ACC_00183,0,normal
ACC_00965,0,normal
ACC_00970,0,normal
ACC_00399,0,normal
ACC_00568,0,normal
ACC_00677,0,normal
ACC_00775,0,normal
ACC_00213,0,normal
ACC_00281,0,normal
ACC_00236,0,normal
ACC_00175,0,normal
ACC_00184,0,normal
ACC_00214,0,normal
ACC_00244,0,normal
ACC_00770,0,normal
ACC_00803,0,normal
ACC_00654,0,normal
ACC_00804,0,normal
ACC_00594,0,normal
ACC_00270,0,normal
ACC_00717,0,normal
ACC_00983,0,normal
ACC_00433,0,normal
ACC_00304,0,normal
ACC_00715,0,normal
ACC_00553,0,normal
ACC_00670,0,normal
ACC_00657,0,normal
ACC_00675,0,normal
ACC_00748,0,normal
ACC_00381,0,normal
ACC_00332,0,normal
ACC_00582,0,normal
ACC_00707,0,normal
ACC_00460,0,normal
ACC_00683,0,normal
ACC_00672,0,normal
ACC_00173,0,normal
ACC_00663,0,normal
ACC_00331,0,normal
ACC_00413,0,normal
ACC_00479,0,normal
ACC_00133,0,normal
ACC_00578,0,normal
ACC_00724,0,normal
ACC_00552,0,normal
ACC_00349,0,normal
ACC_00962,0,normal
ACC_00320,0,normal
ACC_00319,0,normal
ACC_00041,1,mule
ACC_00306,0,normal
ACC_00352,0,normal
ACC_00379,0,normal
ACC_00834,0,normal
ACC_00625,0,normal
ACC_00289,0,normal
ACC_00862,0,normal
ACC_00478,0,normal
ACC_00771,0,normal
ACC_00913,0,normal
ACC_00201,0,normal
ACC_00081,0,destination
ACC_00561,0,normal
ACC_00536,0,normal
ACC_00261,0,normal
ACC_00826,0,normal
ACC_00509,0,normal
ACC_00490,0,normal
ACC_00532,0,normal
ACC_00452,0,normal
ACC_00317,0,normal
ACC_00243,0,normal
ACC_00273,0,normal
ACC_00485,0,normal
ACC_00116,0,normal
ACC_00430,0,normal
ACC_00884,0,normal
ACC_00638,0,normal
ACC_00504,0,normal
ACC_00763,0,normal
ACC_00294,0,normal
ACC_00973,0,normal
ACC_00802,0,normal
ACC_00885,0,normal
ACC_00814,0,normal
ACC_00843,0,normal
ACC_00815,0,normal
ACC_00655,0,normal
ACC_00948,0,normal
ACC_00544,0,normal
ACC_00279,0,normal
ACC_00492,0,normal
ACC_00269,0,normal
ACC_00693,0,normal
ACC_00792,0,normal
ACC_00588,0,normal
ACC_00346,0,normal
ACC_00813,0,normal
ACC_00840,0,normal
ACC_00810,0,normal
ACC_00520,0,normal
ACC_00949,0,normal
ACC_00159,0,normal
ACC_00783,0,normal
ACC_00798,0,normal
ACC_00854,0,normal
ACC_00633,0,normal
ACC_00220,0,normal
ACC_00351,0,normal
ACC_00656,0,normal
ACC_00228,0,normal
ACC_00977,0,normal
ACC_00297,0,normal
ACC_00651,0,normal
ACC_00250,0,normal
ACC_00905,0,normal
ACC_00117,0,normal
ACC_00872,0,normal
ACC_00119,0,normal
ACC_00481,0,normal
ACC_00180,0,normal
ACC_00583,0,normal
ACC_00151,0,normal
ACC_00914,0,normal
ACC_00567,0,normal
ACC_00022,1,mule
ACC_00142,0,normal
ACC_00055,0,origin
ACC_00062,0,origin
ACC_00526,0,normal
ACC_00759,0,normal
ACC_00773,0,normal
ACC_00309,0,normal
ACC_00906,0,normal
ACC_00939,0,normal
ACC_00732,0,normal
ACC_00942,0,normal
ACC_00264,0,normal
ACC_00390,0,normal
ACC_00667,0,normal
ACC_00971,0,normal
ACC_00323,0,normal
ACC_00205,0,normal
ACC_00394,0,normal
ACC_00447,0,normal
ACC_00328,0,normal
ACC_00591,0,normal
ACC_00602,0,normal
ACC_00674,0,normal
ACC_00621,0,normal
ACC_00528,0,normal
ACC_00780,0,normal
ACC_00652,0,normal
ACC_00703,0,normal
ACC_00755,0,normal
ACC_00384,0,normal
ACC_00935,0,normal
ACC_00439,0,normal
ACC_00187,0,normal
ACC_00230,0,normal
ACC_00418,0,normal
ACC_00102,0,normal
ACC_00428,0,normal
ACC_00867,0,normal
ACC_00734,0,normal
ACC_00807,0,normal
ACC_00517,0,normal
ACC_00878,0,normal
ACC_00364,0,normal
ACC_00431,0,normal
ACC_00377,0,normal
ACC_00832,0,normal
ACC_00845,0,normal
ACC_00776,0,normal
ACC_00986,0,normal
ACC_00451,0,normal
ACC_00179,0,normal
ACC_00704,0,normal
ACC_00141,0,normal
ACC_00200,0,normal
ACC_00660,0,normal
ACC_00820,0,normal
ACC_00554,0,normal
ACC_00386,0,normal
ACC_00689,0,normal
ACC_00837,0,normal
ACC_00761,0,normal
ACC_00714,0,normal
ACC_00109,0,normal
ACC_00171,0,normal
ACC_00345,0,normal
ACC_00699,0,normal
ACC_00682,0,normal
ACC_00985,0,normal
ACC_00066,0,origin
ACC_00006,1,mule
ACC_00067,0,origin
ACC_00005,1,mule
ACC_00661,0,normal
ACC_00059,0,origin
ACC_00729,0,normal
ACC_00757,0,normal
ACC_00344,0,normal
ACC_00964,0,normal
ACC_00115,0,normal
ACC_00305,0,normal
ACC_00181,0,normal
ACC_00095,0,destination
ACC_00343,0,normal
ACC_00204,0,normal
ACC_00358,0,normal
ACC_00113,0,normal
ACC_00326,0,normal
ACC_00422,0,normal
ACC_00086,0,destination
ACC_00234,0,normal
ACC_00959,0,normal
ACC_00367,0,normal
ACC_00502,0,normal
ACC_00710,0,normal
ACC_00251,0,normal
ACC_00203,0,normal
ACC_00543,0,normal
ACC_00696,0,normal
ACC_00438,0,normal
ACC_00153,0,normal
ACC_00193,0,normal
ACC_00249,0,normal
ACC_00163,0,normal
ACC_00535,0,normal
ACC_00112,0,normal
ACC_00922,0,normal
ACC_00584,0,normal
ACC_00731,0,normal
ACC_00327,0,normal
ACC_00989,0,normal
ACC_00275,0,normal
ACC_00808,0,normal
ACC_00417,0,normal
ACC_00607,0,normal
ACC_00506,0,normal
ACC_00701,0,normal
ACC_00387,0,normal
ACC_00170,0,normal
ACC_00058,0,origin
ACC_00032,1,mule
ACC_00628,0,normal
ACC_00754,0,normal
ACC_00137,0,normal
ACC_00721,0,normal
ACC_00318,0,normal
ACC_00848,0,normal
ACC_00078,0,origin
ACC_00671,0,normal
ACC_00918,0,normal
ACC_00237,0,normal
ACC_00627,0,normal
ACC_00407,0,normal
ACC_00114,0,normal
ACC_00227,0,normal
ACC_00315,0,normal
ACC_00649,0,normal
ACC_00456,0,normal
ACC_00681,0,normal
ACC_00426,0,normal
ACC_00121,0,normal
ACC_00222,0,normal
ACC_00111,0,normal
ACC_00208,0,normal
ACC_00650,0,normal
ACC_00788,0,normal
ACC_00131,0,normal
ACC_00619,0,normal
ACC_00077,0,origin
ACC_00015,1,mule
ACC_00483,0,normal
ACC_00555,0,normal
ACC_00052,0,origin
ACC_00444,0,normal
ACC_00016,1,mule
ACC_00475,0,normal
ACC_00912,0,normal
ACC_00050,1,mule
ACC_00892,0,normal
ACC_00708,0,normal
ACC_00054,0,origin
ACC_00691,0,normal
ACC_00168,0,normal
ACC_00126,0,normal
ACC_00255,0,normal
ACC_00329,0,normal
ACC_00505,0,normal
ACC_00593,0,normal
ACC_00092,0,destination
ACC_00359,0,normal
ACC_00085,0,destination
ACC_00653,0,normal
ACC_00098,0,destination
ACC_00891,0,normal
ACC_00560,0,normal
ACC_00613,0,normal
ACC_00743,0,normal
ACC_00391,0,normal
ACC_00565,0,normal
ACC_00787,0,normal
ACC_00314,0,normal
ACC_00897,0,normal
ACC_00865,0,normal
ACC_00514,0,normal
ACC_00575,0,normal
ACC_00831,0,normal
ACC_00247,0,normal
ACC_00938,0,normal
ACC_00622,0,normal
ACC_00147,0,normal
ACC_00733,0,normal
ACC_00446,0,normal
ACC_00927,0,normal
ACC_00027,1,mule
ACC_00414,0,normal
ACC_00235,0,normal
ACC_00687,0,normal
ACC_00864,0,normal
ACC_00533,0,normal
ACC_00782,0,normal
ACC_00725,0,normal
ACC_00097,0,destination
ACC_00362,0,normal
ACC_00442,0,normal
ACC_00646,0,normal
ACC_00480,0,normal
ACC_00396,0,normal
ACC_00581,0,normal
ACC_00960,0,normal
ACC_00014,1,mule
ACC_00216,0,normal
ACC_00988,0,normal
ACC_00640,0,normal
ACC_00974,0,normal
ACC_00539,0,normal
ACC_00836,0,normal
ACC_00742,0,normal
ACC_00700,0,normal
ACC_00174,0,normal
ACC_00195,0,normal
ACC_00277,0,normal
ACC_00784,0,normal
ACC_01000,0,normal
ACC_00256,0,normal
ACC_00458,0,normal
ACC_00128,0,normal
ACC_00637,0,normal
ACC_00839,0,normal
ACC_00285,0,normal
ACC_00768,0,normal
ACC_00259,0,normal
ACC_00199,0,normal
ACC_00812,0,normal
ACC_00474,0,normal
ACC_00463,0,normal
ACC_00749,0,normal
ACC_00825,0,normal
ACC_00664,0,normal
ACC_00045,1,mule
ACC_00087,0,destination
ACC_00659,0,normal
ACC_00824,0,normal
ACC_00951,0,normal
ACC_00020,1,mule
ACC_00065,0,origin
ACC_00023,1,mule
ACC_00257,0,normal
ACC_00576,0,normal
ACC_00068,0,origin
ACC_00017,1,mule
ACC_00057,0,origin
ACC_00037,1,mule
ACC_00088,0,destination
ACC_00047,1,mule
ACC_00064,0,origin
ACC_00107,0,normal
ACC_00476,0,normal
ACC_00713,0,normal
ACC_00420,0,normal
ACC_00530,0,normal
ACC_00024,1,mule
ACC_00001,1,mule
ACC_00531,0,normal
ACC_00019,1,mule
ACC_00040,1,mule
ACC_00025,1,mule
ACC_00042,1,mule
ACC_00028,1,mule
ACC_00048,1,mule
ACC_00018,1,mule
ACC_00049,1,mule
ACC_00075,0,origin
ACC_00029,1,mule
ACC_00004,1,mule
ACC_00009,1,mule
ACC_00031,1,mule
ACC_00021,1,mule
ACC_00053,0,origin
ACC_00046,1,mule
ACC_00039,1,mule
ACC_00010,1,mule
ACC_00003,1,mule
ACC_00026,1,mule
ACC_00036,1,mule
ACC_00013,1,mule
ACC_00008,1,mule
ACC_00044,1,mule
ACC_00034,1,mule
ACC_00002,1,mule
ACC_00035,1,mule
ACC_00012,1,mule
