account_id,is_mule
ACCT_000000,0
ACCT_000001,0
ACCT_000002,0
ACCT_000003,0
ACCT_000004,1
ACCT_000005,0
ACCT_000006,0
ACCT_000007,0
ACCT_000008,0
ACCT_000009,0
ACCT_000010,0
ACCT_000011,1
ACCT_000012,1
ACCT_000013,0
ACCT_000014,0
ACCT_000015,0
ACCT_000016,0
ACCT_000017,0
ACCT_000018,0
ACCT_000019,0
ACCT_000020,0
ACCT_000021,0
ACCT_000022,0
ACCT_000023,0
ACCT_000024,0
ACCT_000025,0
ACCT_000026,0
ACCT_000027,0
ACCT_000028,0
ACCT_000029,0
ACCT_000030,0
ACCT_000031,0
ACCT_000032,0
ACCT_000033,0
ACCT_000034,0
ACCT_000035,0
ACCT_000036,0
ACCT_000037,1
ACCT_000038,0
ACCT_000039,0
ACCT_000040,0
ACCT_000041,0
ACCT_000042,0
ACCT_000043,0
ACCT_000044,0
ACCT_000045,0
ACCT_000046,0
ACCT_000047,1
ACCT_000048,1
ACCT_000049,0
ACCT_000050,0
ACCT_000051,0
ACCT_000052,0
ACCT_000053,0
ACCT_000054,0
ACCT_000055,0
ACCT_000056,0
ACCT_000057,0
ACCT_000058,0
ACCT_000059,0
ACCT_000060,0
ACCT_000061,0
ACCT_000062,0
ACCT_000063,0
ACCT_000064,0
ACCT_000065,0
ACCT_000066,1
ACCT_000067,0
ACCT_000068,0
ACCT_000069,0
ACCT_000070,0
ACCT_000071,0
ACCT_000072,0
ACCT_000073,1
ACCT_000074,0
ACCT_000075,0
ACCT_000076,0
ACCT_000077,1
ACCT_000078,0
ACCT_000079,0
ACCT_000080,0
ACCT_000081,0
ACCT_000082,0
ACCT_000083,0
ACCT_000084,0
ACCT_000085,0
ACCT_000086,0
ACCT_000087,0
ACCT_000088,0
ACCT_000089,0
ACCT_000090,0
ACCT_000091,0
ACCT_000092,0
ACCT_000093,0
ACCT_000094,0
ACCT_000095,0
ACCT_000096,0
ACCT_000097,0
ACCT_000098,0
ACCT_000099,0
ACCT_000100,0
ACCT_000101,0
ACCT_000102,0
ACCT_000103,0
ACCT_000104,0
ACCT_000105,0
ACCT_000106,0
ACCT_000107,0
ACCT_000108,0
ACCT_000109,0
ACCT_000110,0
ACCT_000111,0
ACCT_000112,0
ACCT_000113,0
ACCT_000114,0
ACCT_000115,0
ACCT_000116,0
ACCT_000117,0
ACCT_000118,0
ACCT_000119,0
ACCT_000120,0
ACCT_000121,0
ACCT_000122,0
ACCT_000123,0
ACCT_000124,0
ACCT_000125,0
ACCT_000126,0
ACCT_000127,0
ACCT_000128,0
ACCT_000129,0
ACCT_000130,0
ACCT_000131,0
ACCT_000132,0
ACCT_000133,0
ACCT_000134,0
ACCT_000135,0
ACCT_000136,0
ACCT_000137,0
ACCT_000138,0
ACCT_000139,0
ACCT_000140,0
ACCT_000141,0
ACCT_000142,0
ACCT_000143,0
ACCT_000144,0
ACCT_000145,0
ACCT_000146,0
ACCT_000147,0
ACCT_000148,0
ACCT_000149,0
ACCT_000150,0
ACCT_000151,0
ACCT_000152,0
ACCT_000153,0
ACCT_000154,0
ACCT_000155,0
ACCT_000156,0
ACCT_000157,0
ACCT_000158,0
ACCT_000159,0
ACCT_000160,0
ACCT_000161,0
ACCT_000162,0
ACCT_000163,0
ACCT_000164,0
ACCT_000165,0
ACCT_000166,0
ACCT_000167,0
ACCT_000168,0
ACCT_000169,1
ACCT_000170,0
ACCT_000171,0
ACCT_000172,0
ACCT_000173,0
ACCT_000174,0
ACCT_000175,0
ACCT_000176,0
ACCT_000177,0
ACCT_000178,0
ACCT_000179,0
ACCT_000180,0
ACCT_000181,0
ACCT_000182,0
ACCT_000183,0
ACCT_000184,0
ACCT_000185,0
ACCT_000186,0
ACCT_000187,0
ACCT_000188,0
ACCT_000189,0
ACCT_000190,0
ACCT_000191,0
ACCT_000192,1
ACCT_000193,0
ACCT_000194,0
ACCT_000195,0
ACCT_000196,1
ACCT_000197,0
ACCT_000198,0
ACCT_000199,0
ACCT_000200,0
ACCT_000201,0
ACCT_000202,0
ACCT_000203,0
ACCT_000204,0
ACCT_000205,0
ACCT_000206,0
ACCT_000207,0
ACCT_000208,0
ACCT_000209,0
ACCT_000210,0
ACCT_000211,0
ACCT_000212,0
ACCT_000213,0
ACCT_000214,0
ACCT_000215,0
ACCT_000216,0
ACCT_000217,0
ACCT_000218,0
ACCT_000219,0
ACCT_000220,0
ACCT_000221,0
ACCT_000222,0
ACCT_000223,0
ACCT_000224,0
ACCT_000225,0
ACCT_000226,0
ACCT_000227,0
ACCT_000228,0
ACCT_000229,0
ACCT_000230,0
ACCT_000231,0
ACCT_000232,0
ACCT_000233,0
ACCT_000234,0
ACCT_000235,0
ACCT_000236,0
ACCT_000237,0
ACCT_000238,0
ACCT_000239,0
ACCT_000240,0
ACCT_000241,0
ACCT_000242,0
ACCT_000243,0
ACCT_000244,0
ACCT_000245,0
ACCT_000246,0
ACCT_000247,0
ACCT_000248,1
ACCT_000249,0
ACCT_000250,0
ACCT_000251,0
ACCT_000252,0
ACCT_000253,0
ACCT_000254,0
ACCT_000255,0
ACCT_000256,0
ACCT_000257,0
ACCT_000258,0
ACCT_000259,0
ACCT_000260,0
ACCT_000261,0
ACCT_000262,0
ACCT_000263,0
ACCT_000264,0
ACCT_000265,0
ACCT_000266,0
ACCT_000267,0
ACCT_000268,0
ACCT_000269,0
ACCT_000270,0
ACCT_000271,0
ACCT_000272,0
ACCT_000273,0
ACCT_000274,0
ACCT_000275,1
ACCT_000276,1
ACCT_000277,0
ACCT_000278,0
ACCT_000279,0
ACCT_000280,0
ACCT_000281,0
ACCT_000282,1
ACCT_000283,0
ACCT_000284,0
ACCT_000285,0
ACCT_000286,0
ACCT_000287,0
ACCT_000288,0
ACCT_000289,0
ACCT_000290,0
ACCT_000291,0
ACCT_000292,0
ACCT_000293,0
ACCT_000294,0
ACCT_000295,0
ACCT_000296,0
ACCT_000297,0
ACCT_000298,0
ACCT_000299,0
ACCT_000300,0
ACCT_000301,0
ACCT_000302,0
ACCT_000303,0
ACCT_000304,0
ACCT_000305,0
ACCT_000306,0
ACCT_000307,1
ACCT_000308,1
ACCT_000309,0
ACCT_000310,0
ACCT_000311,1
ACCT_000312,0
ACCT_000313,0
ACCT_000314,0
ACCT_000315,0
ACCT_000316,0
ACCT_000317,0
ACCT_000318,0
ACCT_000319,0
ACCT_000320,0
ACCT_000321,0
ACCT_000322,0
ACCT_000323,0
ACCT_000324,0
ACCT_000325,0
ACCT_000326,0
ACCT_000327,0
ACCT_000328,0
ACCT_000329,0
ACCT_000330,0
ACCT_000331,1
ACCT_000332,1
ACCT_000333,0
ACCT_000334,0
ACCT_000335,0
ACCT_000336,0
ACCT_000337,0
ACCT_000338,0
ACCT_000339,1
ACCT_000340,0
ACCT_000341,0
ACCT_000342,0
ACCT_000343,0
ACCT_000344,0
ACCT_000345,0
ACCT_000346,0
ACCT_000347,0
ACCT_000348,0
ACCT_000349,0
ACCT_000350,0
ACCT_000351,0
ACCT_000352,1
ACCT_000353,0
ACCT_000354,0
ACCT_000355,1
ACCT_000356,0
ACCT_000357,0
ACCT_000358,0
ACCT_000359,1
ACCT_000360,0
ACCT_000361,0
ACCT_000362,0
ACCT_000363,0
ACCT_000364,0
ACCT_000365,0
ACCT_000366,0
ACCT_000367,0
ACCT_000368,0
ACCT_000369,0
ACCT_000370,0
ACCT_000371,0
ACCT_000372,0
ACCT_000373,0
ACCT_000374,0
ACCT_000375,0
ACCT_000376,0
ACCT_000377,0
ACCT_000378,0
ACCT_000379,0
ACCT_000380,0
ACCT_000381,0
ACCT_000382,0
ACCT_000383,0
ACCT_000384,0
ACCT_000385,0
ACCT_000386,1
ACCT_000387,0
ACCT_000388,0
ACCT_000389,0
ACCT_000390,0
ACCT_000391,0
ACCT_000392,0
ACCT_000393,0
ACCT_000394,0
ACCT_000395,0
ACCT_000396,0
ACCT_000397,0
ACCT_000398,0
ACCT_000399,0
ACCT_000400,0
ACCT_000401,0
ACCT_000402,0
ACCT_000403,0
ACCT_000404,0
ACCT_000405,0
ACCT_000406,0
ACCT_000407,0
ACCT_000408,0
ACCT_000409,0
ACCT_000410,0
ACCT_000411,0
ACCT_000412,0
ACCT_000413,0
ACCT_000414,0
ACCT_000415,0
ACCT_000416,0
ACCT_000417,0
ACCT_000418,0
ACCT_000419,0
ACCT_000420,0
ACCT_000421,0
ACCT_000422,0
ACCT_000423,0
ACCT_000424,0
ACCT_000425,0
ACCT_000426,0
ACCT_000427,0
ACCT_000428,0
ACCT_000429,1
ACCT_000430,0
ACCT_000431,0
ACCT_000432,0
ACCT_000433,0
ACCT_000434,0
ACCT_000435,0
ACCT_000436,0
ACCT_000437,0
ACCT_000438,0
ACCT_000439,0
ACCT_000440,0
ACCT_000441,0
ACCT_000442,0
ACCT_000443,0
ACCT_000444,0
ACCT_000445,0
ACCT_000446,0
ACCT_000447,0
ACCT_000448,0
ACCT_000449,1
ACCT_000450,0
ACCT_000451,0
ACCT_000452,0
ACCT_000453,0
ACCT_000454,0
ACCT_000455,0
ACCT_000456,0
ACCT_000457,0
ACCT_000458,0
ACCT_000459,0
ACCT_000460,0
ACCT_000461,0
ACCT_000462,0
ACCT_000463,0
ACCT_000464,0
ACCT_000465,0
ACCT_000466,0
ACCT_000467,0
ACCT_000468,0
ACCT_000469,0
ACCT_000470,0
ACCT_000471,0
ACCT_000472,0
ACCT_000473,0
ACCT_000474,0
ACCT_000475,0
ACCT_000476,1
ACCT_000477,0
ACCT_000478,0
ACCT_000479,1
ACCT_000480,0
ACCT_000481,0
ACCT_000482,0
ACCT_000483,0
ACCT_000484,0
ACCT_000485,0
ACCT_000486,0
ACCT_000487,0
ACCT_000488,0
ACCT_000489,0
ACCT_000490,0
ACCT_000491,0
ACCT_000492,0
ACCT_000493,0
ACCT_000494,0
ACCT_000495,0
ACCT_000496,0
ACCT_000497,0
ACCT_000498,0
ACCT_000499,0
ACCT_000500,0
ACCT_000501,0
ACCT_000502,0
ACCT_000503,0
ACCT_000504,0
ACCT_000505,0
ACCT_000506,0
ACCT_000507,0
ACCT_000508,0
ACCT_000509,1
ACCT_000510,0
ACCT_000511,0
ACCT_000512,0
ACCT_000513,0
ACCT_000514,0
ACCT_000515,0
ACCT_000516,0
ACCT_000517,0
ACCT_000518,0
ACCT_000519,1
ACCT_000520,0
ACCT_000521,0
ACCT_000522,0
ACCT_000523,0
ACCT_000524,0
ACCT_000525,0
ACCT_000526,0
ACCT_000527,0
ACCT_000528,0
ACCT_000529,0
ACCT_000530,0
ACCT_000531,1
ACCT_000532,0
ACCT_000533,0
ACCT_000534,0
ACCT_000535,0
ACCT_000536,0
ACCT_000537,0
ACCT_000538,0
ACCT_000539,0
ACCT_000540,0
ACCT_000541,0
ACCT_000542,0
ACCT_000543,0
ACCT_000544,0
ACCT_000545,0
ACCT_000546,0
ACCT_000547,1
ACCT_000548,0
ACCT_000549,0
ACCT_000550,0
ACCT_000551,0
ACCT_000552,0
ACCT_000553,0
ACCT_000554,0
ACCT_000555,0
ACCT_000556,0
ACCT_000557,0
ACCT_000558,0
ACCT_000559,0
ACCT_000560,0
ACCT_000561,0
ACCT_000562,0
ACCT_000563,0
ACCT_000564,0
ACCT_000565,0
ACCT_000566,0
ACCT_000567,0
ACCT_000568,0
ACCT_000569,0
ACCT_000570,0
ACCT_000571,0
ACCT_000572,0
ACCT_000573,0
ACCT_000574,0
ACCT_000575,0
ACCT_000576,0
ACCT_000577,0
ACCT_000578,0
ACCT_000579,0
ACCT_000580,0
ACCT_000581,0
ACCT_000582,0
ACCT_000583,0
ACCT_000584,0
ACCT_000585,1
ACCT_000586,0
ACCT_000587,0
ACCT_000588,0
ACCT_000589,0
ACCT_000590,0
ACCT_000591,0
ACCT_000592,0
ACCT_000593,0
ACCT_000594,0
ACCT_000595,0
ACCT_000596,0
ACCT_000597,0
ACCT_000598,0
ACCT_000599,0
ACCT_000600,0
ACCT_000601,0
ACCT_000602,1
ACCT_000603,0
ACCT_000604,0
ACCT_000605,0
ACCT_000606,0
ACCT_000607,0
ACCT_000608,0
ACCT_000609,0
ACCT_000610,0
ACCT_000611,0
ACCT_000612,0
ACCT_000613,0
ACCT_000614,0
ACCT_000615,1
ACCT_000616,0
ACCT_000617,0
ACCT_000618,0
ACCT_000619,0
ACCT_000620,0
ACCT_000621,0
ACCT_000622,0
ACCT_000623,0
ACCT_000624,0
ACCT_000625,0
ACCT_000626,0
ACCT_000627,0
ACCT_000628,0
ACCT_000629,0
ACCT_000630,0
ACCT_000631,0
ACCT_000632,0
ACCT_000633,0
ACCT_000634,0
ACCT_000635,0
ACCT_000636,0
ACCT_000637,1
ACCT_000638,0
ACCT_000639,0
ACCT_000640,0
ACCT_000641,0
ACCT_000642,0
ACCT_000643,0
ACCT_000644,0
ACCT_000645,0
ACCT_000646,1
ACCT_000647,0
ACCT_000648,0
ACCT_000649,0
ACCT_000650,0
ACCT_000651,0
ACCT_000652,0
ACCT_000653,0
ACCT_000654,0
ACCT_000655,0
ACCT_000656,0
ACCT_000657,0
ACCT_000658,0
ACCT_000659,0
ACCT_000660,0
ACCT_000661,0
ACCT_000662,0
ACCT_000663,1
ACCT_000664,0
ACCT_000665,0
ACCT_000666,0
ACCT_000667,1
ACCT_000668,0
ACCT_000669,0
ACCT_000670,0
ACCT_000671,0
ACCT_000672,0
ACCT_000673,0
ACCT_000674,0
ACCT_000675,0
ACCT_000676,0
ACCT_000677,0
ACCT_000678,0
ACCT_000679,0
ACCT_000680,0
ACCT_000681,0
ACCT_000682,0
ACCT_000683,0
ACCT_000684,0
ACCT_000685,0
ACCT_000686,0
ACCT_000687,0
ACCT_000688,0
ACCT_000689,0
ACCT_000690,0
ACCT_000691,0
ACCT_000692,0
ACCT_000693,0
ACCT_000694,0
ACCT_000695,0
ACCT_000696,0
ACCT_000697,0
ACCT_000698,0
ACCT_000699,0
ACCT_000700,0
ACCT_000701,0
ACCT_000702,0
ACCT_000703,0
ACCT_000704,1
ACCT_000705,0
ACCT_000706,0
ACCT_000707,0
ACCT_000708,1
ACCT_000709,0
ACCT_000710,0
ACCT_000711,0
ACCT_000712,0
ACCT_000713,0
ACCT_000714,0
ACCT_000715,0
ACCT_000716,0
ACCT_000717,0
ACCT_000718,0
ACCT_000719,0
ACCT_000720,0
ACCT_000721,0
ACCT_000722,0
ACCT_000723,0
ACCT_000724,0
ACCT_000725,0
ACCT_000726,1
ACCT_000727,0
ACCT_000728,0
ACCT_000729,0
ACCT_000730,0
ACCT_000731,0
ACCT_000732,0
ACCT_000733,0
ACCT_000734,0
ACCT_000735,0
ACCT_000736,1
ACCT_000737,0
ACCT_000738,0
ACCT_000739,0
ACCT_000740,0
ACCT_000741,0
ACCT_000742,0
ACCT_000743,0
ACCT_000744,0
ACCT_000745,0
ACCT_000746,0
ACCT_000747,0
ACCT_000748,0
ACCT_000749,0
ACCT_000750,0
ACCT_000751,0
ACCT_000752,1
ACCT_000753,0
ACCT_000754,0
ACCT_000755,0
ACCT_000756,0
ACCT_000757,0
ACCT_000758,0
ACCT_000759,0
ACCT_000760,0
ACCT_000761,0
ACCT_000762,0
ACCT_000763,0
ACCT_000764,0
ACCT_000765,0
ACCT_000766,0
ACCT_000767,0
ACCT_000768,0
ACCT_000769,0
ACCT_000770,0
ACCT_000771,0
ACCT_000772,0
ACCT_000773,0
ACCT_000774,0
ACCT_000775,0
ACCT_000776,0
ACCT_000777,0
ACCT_000778,0
ACCT_000779,0
ACCT_000780,0
ACCT_000781,0
ACCT_000782,0
ACCT_000783,0
ACCT_000784,0
ACCT_000785,1
ACCT_000786,0
ACCT_000787,0
ACCT_000788,0
ACCT_000789,0
ACCT_000790,0
ACCT_000791,0
ACCT_000792,0
ACCT_000793,0
ACCT_000794,0
ACCT_000795,0
ACCT_000796,0
ACCT_000797,1
ACCT_000798,0
ACCT_000799,0
ACCT_000800,0
ACCT_000801,0
ACCT_000802,1
ACCT_000803,0
ACCT_000804,0
ACCT_000805,1
ACCT_000806,0
ACCT_000807,0
ACCT_000808,0
ACCT_000809,0
ACCT_000810,0
ACCT_000811,0
ACCT_000812,0
ACCT_000813,0
ACCT_000814,0
ACCT_000815,0
ACCT_000816,0
ACCT_000817,0
ACCT_000818,0
ACCT_000819,0
ACCT_000820,0
ACCT_000821,0
ACCT_000822,0
ACCT_000823,1
ACCT_000824,0
ACCT_000825,0
ACCT_000826,0
ACCT_000827,0
ACCT_000828,0
ACCT_000829,0
ACCT_000830,0
ACCT_000831,0
ACCT_000832,0
ACCT_000833,0
ACCT_000834,0
ACCT_000835,1
ACCT_000836,0
ACCT_000837,1
ACCT_000838,0
ACCT_000839,0
ACCT_000840,0
ACCT_000841,0
ACCT_000842,0
ACCT_000843,0
ACCT_000844,0
ACCT_000845,0
ACCT_000846,0
ACCT_000847,0
ACCT_000848,1
ACCT_000849,0
ACCT_000850,0
ACCT_000851,0
ACCT_000852,0
ACCT_000853,0
ACCT_000854,0
ACCT_000855,0
ACCT_000856,0
ACCT_000857,0
ACCT_000858,0
ACCT_000859,0
ACCT_000860,0
ACCT_000861,0
ACCT_000862,0
ACCT_000863,0
ACCT_000864,0
ACCT_000865,0
ACCT_000866,0
ACCT_000867,0
ACCT_000868,0
ACCT_000869,0
ACCT_000870,1
ACCT_000871,0
ACCT_000872,0
ACCT_000873,0
ACCT_000874,0
ACCT_000875,0
ACCT_000876,0
ACCT_000877,0
ACCT_000878,0
ACCT_000879,0
ACCT_000880,0
ACCT_000881,0
ACCT_000882,0
ACCT_000883,0
ACCT_000884,0
ACCT_000885,0
ACCT_000886,0
ACCT_000887,0
ACCT_000888,0
ACCT_000889,0
ACCT_000890,0
ACCT_000891,1
ACCT_000892,0
ACCT_000893,0
ACCT_000894,0
ACCT_000895,0
ACCT_000896,1
ACCT_000897,0
ACCT_000898,1
ACCT_000899,0
ACCT_000900,0
ACCT_000901,0
ACCT_000902,0
ACCT_000903,0
ACCT_000904,0
ACCT_000905,0
ACCT_000906,0
ACCT_000907,0
ACCT_000908,0
ACCT_000909,0
ACCT_000910,0
ACCT_000911,0
ACCT_000912,0
ACCT_000913,1
ACCT_000914,0
ACCT_000915,0
ACCT_000916,0
ACCT_000917,0
ACCT_000918,0
ACCT_000919,0
ACCT_000920,1
ACCT_000921,0
ACCT_000922,0
ACCT_000923,0
ACCT_000924,0
ACCT_000925,0
ACCT_000926,0
ACCT_000927,0
ACCT_000928,0
ACCT_000929,1
ACCT_000930,0
ACCT_000931,0
ACCT_000932,0
ACCT_000933,0
ACCT_000934,0
ACCT_000935,0
ACCT_000936,0
ACCT_000937,0
ACCT_000938,0
ACCT_000939,0
ACCT_000940,0
ACCT_000941,0
ACCT_000942,0
ACCT_000943,0
ACCT_000944,0
ACCT_000945,0
ACCT_000946,0
ACCT_000947,0
ACCT_000948,0
ACCT_000949,0
ACCT_000950,0
ACCT_000951,0
ACCT_000952,0
ACCT_000953,0
ACCT_000954,0
ACCT_000955,0
ACCT_000956,0
ACCT_000957,0
ACCT_000958,0
ACCT_000959,0
ACCT_000960,0
ACCT_000961,0
ACCT_000962,0
ACCT_000963,0
ACCT_000964,0
ACCT_000965,0
ACCT_000966,0
ACCT_000967,0
ACCT_000968,0
ACCT_000969,0
ACCT_000970,0
ACCT_000971,1
ACCT_000972,0
ACCT_000973,0
ACCT_000974,0
ACCT_000975,0
ACCT_000976,0
ACCT_000977,0
ACCT_000978,0
ACCT_000979,0
ACCT_000980,1
ACCT_000981,0
ACCT_000982,1
ACCT_000983,0
ACCT_000984,0
ACCT_000985,0
ACCT_000986,0
ACCT_000987,0
ACCT_000988,0
ACCT_000989,0
ACCT_000990,0
ACCT_000991,0
ACCT_000992,0
ACCT_000993,0
ACCT_000994,0
ACCT_000995,0
ACCT_000996,0
ACCT_000997,0
ACCT_000998,0
ACCT_000999,0
ACCT_001000,0
ACCT_001001,0
ACCT_001002,0
ACCT_001003,0
ACCT_001004,0
ACCT_001005,0
ACCT_001006,0
ACCT_001007,0
ACCT_001008,0
ACCT_001009,0
ACCT_001010,0
ACCT_001011,0
ACCT_001012,0
ACCT_001013,0
ACCT_001014,0
ACCT_001015,0
ACCT_001016,0
ACCT_001017,0
ACCT_001018,0
ACCT_001019,0
ACCT_001020,0
ACCT_001021,0
ACCT_001022,0
ACCT_001023,0
ACCT_001024,0
ACCT_001025,0
ACCT_001026,0
ACCT_001027,0
ACCT_001028,0
ACCT_001029,0
ACCT_001030,0
ACCT_001031,0
ACCT_001032,0
ACCT_001033,0
ACCT_001034,0
ACCT_001035,0
ACCT_001036,0
ACCT_001037,0
ACCT_001038,0
ACCT_001039,0
ACCT_001040,0
ACCT_001041,0
ACCT_001042,0
ACCT_001043,0
ACCT_001044,0
ACCT_001045,0
ACCT_001046,0
ACCT_001047,0
ACCT_001048,1
ACCT_001049,0
ACCT_001050,0
ACCT_001051,0
ACCT_001052,0
ACCT_001053,0
ACCT_001054,0
ACCT_001055,0
ACCT_001056,0
ACCT_001057,0
ACCT_001058,0
ACCT_001059,0
ACCT_001060,0
ACCT_001061,0
ACCT_001062,0
ACCT_001063,0
ACCT_001064,0
ACCT_001065,0
ACCT_001066,0
ACCT_001067,0
ACCT_001068,0
ACCT_001069,0
ACCT_001070,0
ACCT_001071,0
ACCT_001072,0
ACCT_001073,0
ACCT_001074,0
ACCT_001075,0
ACCT_001076,0
ACCT_001077,0
ACCT_001078,0
ACCT_001079,0
ACCT_001080,0
ACCT_001081,0
ACCT_001082,0
ACCT_001083,0
ACCT_001084,0
ACCT_001085,0
ACCT_001086,0
ACCT_001087,0
ACCT_001088,0
ACCT_001089,0
ACCT_001090,0
ACCT_001091,0
ACCT_001092,0
ACCT_001093,0
ACCT_001094,0
ACCT_001095,0
ACCT_001096,0
ACCT_001097,0
ACCT_001098,0
ACCT_001099,0
ACCT_001100,0
ACCT_001101,0
ACCT_001102,0
ACCT_001103,0
ACCT_001104,0
ACCT_001105,0
ACCT_001106,0
ACCT_001107,1
ACCT_001108,0
ACCT_001109,0
ACCT_001110,0
ACCT_001111,0
ACCT_001112,0
ACCT_001113,0
ACCT_001114,0
ACCT_001115,0
ACCT_001116,0
ACCT_001117,0
ACCT_001118,1
ACCT_001119,1
ACCT_001120,0
ACCT_001121,0
ACCT_001122,0
ACCT_001123,0
ACCT_001124,0
ACCT_001125,0
ACCT_001126,0
ACCT_001127,0
ACCT_001128,0
ACCT_001129,0
ACCT_001130,0
ACCT_001131,0
ACCT_001132,0
ACCT_001133,0
ACCT_001134,0
ACCT_001135,0
ACCT_001136,0
ACCT_001137,0
ACCT_001138,0
ACCT_001139,0
ACCT_001140,0
ACCT_001141,0
ACCT_001142,0
ACCT_001143,0
ACCT_001144,0
ACCT_001145,0
ACCT_001146,0
ACCT_001147,0
ACCT_001148,1
ACCT_001149,0
ACCT_001150,0
ACCT_001151,0
ACCT_001152,0
ACCT_001153,0
ACCT_001154,0
ACCT_001155,0
ACCT_001156,0
ACCT_001157,1
ACCT_001158,0
ACCT_001159,0
ACCT_001160,0
ACCT_001161,0
ACCT_001162,0
ACCT_001163,1
ACCT_001164,0
ACCT_001165,0
ACCT_001166,0
ACCT_001167,0
ACCT_001168,0
ACCT_001169,0
ACCT_001170,0
ACCT_001171,0
ACCT_001172,0
ACCT_001173,0
ACCT_001174,0
ACCT_001175,0
ACCT_001176,0
ACCT_001177,0
ACCT_001178,0
ACCT_001179,0
ACCT_001180,1
ACCT_001181,0
ACCT_001182,0
ACCT_001183,0
ACCT_001184,0
ACCT_001185,0
ACCT_001186,0
ACCT_001187,0
ACCT_001188,0
ACCT_001189,0
ACCT_001190,0
ACCT_001191,0
ACCT_001192,0
ACCT_001193,0
ACCT_001194,0
ACCT_001195,0
ACCT_001196,0
ACCT_001197,0
ACCT_001198,0
ACCT_001199,0
